date|bullish_index|bearish_index|bull_bear_difference|no_bull_tweets|no_bear_tweets
2012-04-18|1.596235|1.719718|-0.123483|425|319
2012-04-19|1.658109|1.757118|-0.099009|386|288
2012-04-20|1.618188|1.868957|-0.250768|552|460
2012-04-21|1.639863|1.558033|0.08183|73|61
2012-04-22|1.650093|1.694821|-0.044729|108|56
2012-04-23|1.624433|1.662799|-0.038366|467|268
2012-04-24|1.70376|1.706944|-0.003184|1181|674
2012-04-25|1.682205|1.685757|-0.003552|644|436
2012-04-26|1.652214|1.820033|-0.167819|411|304
2012-04-27|1.658804|1.694676|-0.035872|301|216
2012-04-28|1.81875|2.011176|-0.192426|40|17
2012-04-29|1.8575|2.025556|-0.168056|20|9
2012-04-30|1.495455|1.703111|-0.207657|319|315
2012-05-01|1.605013|1.741855|-0.136842|381|345
2012-05-02|1.63149|1.644515|-0.013025|349|237
2012-05-03|1.556225|1.761636|-0.205411|302|269
2012-05-04|1.479651|1.791317|-0.311667|372|334
2012-05-05|1.728889|1.783077|-0.054188|45|13
2012-05-06|1.679412|1.715|-0.035588|34|30
2012-05-07|1.593199|1.827536|-0.234337|347|280
2012-05-08|1.539172|1.706929|-0.167757|326|254
2012-05-09|1.532695|1.847183|-0.314488|308|284
2012-05-10|1.530162|1.769289|-0.239127|308|225
2012-05-11|1.608777|1.696301|-0.087524|229|219
2012-05-12|1.461538|1.911429|-0.44989|26|14
2012-05-13|1.578182|1.551053|0.027129|22|19
2012-05-14|1.540142|1.811|-0.270858|212|180
2012-05-15|1.562034|1.698453|-0.136418|290|265
2012-05-16|1.518103|1.756625|-0.238522|390|320
2012-05-17|1.554437|1.826446|-0.272009|426|408
2012-05-18|1.608009|1.821203|-0.213193|442|316
2012-05-19|1.403902|1.646154|-0.242251|41|13
2012-05-20|1.476818|1.943333|-0.466515|22|12
2012-05-21|1.621448|1.552095|0.069352|525|315
2012-05-22|1.558756|1.744644|-0.185888|402|379
2012-05-23|1.649087|1.773591|-0.124505|657|504
2012-05-24|1.633265|1.760679|-0.127414|490|383
2012-05-25|1.560478|1.772474|-0.211996|251|190
2012-05-26|1.433793|1.612|-0.178207|29|10
2012-05-27|1.308667|1.934|-0.625333|15|10
2012-05-28|2.068|1.26|0.808|25|5
2012-05-29|1.651513|1.710744|-0.059231|238|121
2012-05-30|1.750251|1.679657|0.070594|398|204
2012-05-31|1.635394|1.769394|-0.134|343|198
2012-06-01|1.684495|1.7901|-0.105605|287|200
2012-06-02|1.5336|1.916364|-0.382764|25|11
2012-06-03|1.927273|1.77|0.157273|22|21
2012-06-04|1.581444|1.775022|-0.193578|277|223
2012-06-05|1.575901|1.835959|-0.260058|222|146
2012-06-06|1.586754|1.777881|-0.191126|228|151
2012-06-07|1.592857|1.8262|-0.233343|175|150
2012-06-08|1.688769|1.893092|-0.204323|268|207
2012-06-09|1.748788|1.92|-0.171212|33|19
2012-06-10|1.608684|2.128182|-0.519498|38|11
2012-06-11|1.626045|1.890399|-0.264354|354|326
2012-06-12|1.583239|1.842857|-0.259618|213|189
2012-06-13|1.542268|1.851429|-0.309161|194|182
2012-06-14|1.442488|1.796629|-0.354141|217|267
2012-06-15|1.574255|1.852296|-0.278041|188|135
2012-06-16|1.484737|1.315|0.169737|19|6
2012-06-17|1.646842|2.003333|-0.356491|19|12
2012-06-18|1.782329|1.764551|0.017777|292|156
2012-06-19|1.691364|1.723832|-0.032469|198|167
2012-06-20|1.616598|1.863692|-0.247094|244|195
2012-06-21|1.641394|1.712423|-0.071028|208|194
2012-06-22|1.657183|1.631913|0.02527|213|115
2012-06-23|1.716316|1.63875|0.077566|19|8
2012-06-24|1.949615|1.798333|0.151282|26|6
2012-06-25|1.555808|1.827584|-0.271776|167|149
2012-06-26|1.639375|1.75193|-0.112555|208|171
2012-06-27|1.591765|1.534|0.057765|170|110
2012-06-28|1.643591|1.93875|-0.295159|220|176
2012-06-29|1.751725|1.890267|-0.138542|313|187
2012-06-30|1.762|1.218|0.544|25|10
2012-07-01|1.867586|1.611667|0.25592|29|12
2012-07-02|1.789035|1.6634|0.125635|259|100
2012-07-03|1.747487|1.620421|0.127066|191|95
2012-07-04|1.578824|0.79|0.788824|17|4
2012-07-05|1.699401|1.733438|-0.034036|284|160
2012-07-06|1.642378|1.777432|-0.135055|286|148
2012-07-07|1.691667|1.294444|0.397222|30|9
2012-07-08|1.855|1.8425|0.0125|12|4
2012-07-09|1.875579|1.666176|0.209402|242|102
2012-07-10|1.679413|1.783992|-0.104579|341|263
2012-07-11|1.638734|1.778366|-0.139632|395|202
2012-07-12|1.540822|1.731548|-0.190726|438|239
2012-07-13|1.7087|1.7186|-0.0099|323|150
2012-07-14|1.713333|1.155|0.558333|18|4
2012-07-15|1.806207|1.547778|0.258429|29|9
2012-07-16|1.63996|1.687652|-0.047692|250|115
2012-07-17|1.70888|1.821722|-0.112842|241|151
2012-07-18|1.742298|1.832331|-0.090034|309|163
2012-07-19|1.847251|1.671968|0.175283|342|188
2012-07-20|1.710193|1.7355|-0.025307|311|180
2012-07-21|1.8022|1.684|0.1182|50|30
2012-07-22|1.707069|1.839667|-0.132598|58|30
2012-07-23|1.751679|1.626746|0.124932|411|209
2012-07-24|1.73366|1.818408|-0.084748|735|515
2012-07-25|1.669513|1.835848|-0.166336|390|277
2012-07-26|1.535176|1.734225|-0.199049|199|142
2012-07-27|1.650447|1.604793|0.045654|246|121
2012-07-28|1.550435|1.707333|-0.156899|23|15
2012-07-29|1.475455|1.349|0.126455|22|10
2012-07-30|1.710253|1.597907|0.112346|198|129
2012-07-31|1.691576|1.615576|0.076|311|165
2012-08-01|1.689469|1.695248|-0.005779|245|141
2012-08-02|1.692472|1.79541|-0.102938|271|183
2012-08-03|1.656364|1.686769|-0.030406|308|195
2012-08-04|1.569545|1.829333|-0.259788|22|15
2012-08-05|1.731702|1.495|0.236702|47|14
2012-08-06|1.67571|1.63185|0.04386|373|254
2012-08-07|1.689593|1.673103|0.016489|270|203
2012-08-08|1.643846|1.835677|-0.191831|234|192
2012-08-09|1.651789|1.669032|-0.017243|218|155
2012-08-10|1.603647|1.576087|0.02756|170|92
2012-08-11|1.864516|1.349231|0.515285|31|13
2012-08-12|1.782917|1.998|-0.215083|24|10
2012-08-13|1.763934|1.655843|0.108092|305|178
2012-08-14|1.59256|1.669268|-0.076708|375|246
2012-08-15|1.584831|1.748905|-0.164074|296|201
2012-08-16|1.679779|1.735526|-0.055747|272|152
2012-08-17|1.89042|1.668326|0.222094|500|221
2012-08-18|1.802241|1.611|0.191241|58|20
2012-08-19|1.964667|2.007692|-0.043026|45|13
2012-08-20|1.802658|1.619495|0.183163|647|297
2012-08-21|1.646872|1.687638|-0.040766|716|436
2012-08-22|1.705759|1.63811|0.067649|613|328
2012-08-23|1.696364|1.688296|0.008067|528|270
2012-08-24|1.762202|1.808563|-0.04636|663|320
2012-08-25|1.873571|1.673095|0.200476|84|42
2012-08-26|1.634656|1.919083|-0.284426|131|109
2012-08-27|1.633879|1.710773|-0.076894|562|233
2012-08-28|1.716297|1.62434|0.091958|343|159
2012-08-29|1.769283|1.650098|0.119185|237|102
2012-08-30|1.70728|1.699331|0.007949|364|269
2012-08-31|1.782715|1.754633|0.028082|302|218
2012-09-01|1.881429|1.966|-0.084571|21|15
2012-09-02|1.317727|1.344444|-0.026717|22|9
2012-09-03|1.549286|1.611579|-0.062293|42|19
2012-09-04|1.755293|1.810709|-0.055416|393|254
2012-09-05|1.679859|1.696818|-0.016959|355|220
2012-09-06|1.770227|1.731462|0.038765|484|212
2012-09-07|1.800529|1.65195|0.148579|359|200
2012-09-08|1.681852|1.6512|0.030652|27|25
2012-09-09|1.47225|1.796|-0.32375|40|20
2012-09-10|1.615506|1.781952|-0.166446|494|461
2012-09-11|1.668322|1.753699|-0.085376|453|365
2012-09-12|1.638733|1.784007|-0.145274|797|554
2012-09-13|1.764191|1.619181|0.145011|606|293
2012-09-14|1.65947|1.640955|0.018515|566|356
2012-09-15|1.690625|1.6445|0.046125|64|40
2012-09-16|1.751772|1.58|0.171772|79|32
2012-09-17|1.655504|1.616667|0.038838|476|258
2012-09-18|1.725781|1.635636|0.090145|429|220
2012-09-19|1.754357|1.741338|0.013019|381|157
2012-09-20|1.695978|1.687826|0.008152|363|230
2012-09-21|1.698369|1.646179|0.05219|417|212
2012-09-22|1.612727|2.12027|-0.507543|44|37
2012-09-23|1.765833|1.985217|-0.219384|96|92
2012-09-24|1.607632|1.869709|-0.262076|642|515
2012-09-25|1.601335|1.713333|-0.111999|532|432
2012-09-26|1.679266|1.652584|0.026682|640|387
2012-09-27|1.636547|1.658229|-0.021682|724|401
2012-09-28|1.605711|1.743973|-0.138262|401|297
2012-09-29|1.577097|1.498065|0.079032|62|31
2012-09-30|1.487818|1.692432|-0.204614|55|37
2012-10-01|1.600528|1.763127|-0.162599|436|339
2012-10-02|1.63231|1.736632|-0.104323|762|487
2012-10-03|1.75922|1.851818|-0.092598|449|253
2012-10-04|1.614689|1.627937|-0.013247|386|252
2012-10-05|1.635174|1.762879|-0.127705|489|389
2012-10-06|1.726|1.326905|0.399095|55|42
2012-10-07|1.644227|1.594146|0.05008|97|41
2012-10-08|1.575357|1.715158|-0.139801|672|475
2012-10-09|1.630651|1.700732|-0.070081|860|492
2012-10-10|1.743794|1.65083|0.092964|427|229
2012-10-11|1.584957|1.804|-0.219043|464|380
2012-10-12|1.668612|1.751267|-0.082655|281|221
2012-10-13|1.773061|1.620323|0.152739|49|31
2012-10-14|1.673636|1.535526|0.13811|66|38
2012-10-15|1.659974|1.582965|0.077009|390|172
2012-10-16|1.68447|1.679525|0.004944|613|295
2012-10-17|1.733446|1.838655|-0.105208|354|223
2012-10-18|1.652151|1.868399|-0.216248|451|456
2012-10-19|1.575661|1.896788|-0.321127|696|688
2012-10-20|1.527182|1.722603|-0.195421|110|73
2012-10-21|1.674746|1.864507|-0.189761|118|71
2012-10-22|1.640037|1.713545|-0.073508|534|378
2012-10-23|1.649413|1.794374|-0.144961|647|551
2012-10-24|1.615996|1.773547|-0.157552|482|358
2012-10-25|1.686724|1.847321|-0.160597|1154|713
2012-10-26|1.664761|1.707734|-0.042973|733|459
2012-10-27|1.36254|1.768679|-0.40614|63|53
2012-10-28|1.409818|1.761111|-0.351293|55|27
2012-10-29|1.695645|1.770593|-0.074948|124|118
2012-10-30|1.633443|1.893933|-0.26049|122|89
2012-10-31|1.654452|1.653645|0.000807|566|321
2012-11-01|1.68931|1.652327|0.036984|377|202
2012-11-02|1.56993|1.869846|-0.299916|853|715
2012-11-03|1.633302|1.8309|-0.197598|106|100
2012-11-04|1.783556|1.652118|0.131438|90|85
2012-11-05|1.634088|1.708342|-0.074254|521|368
2012-11-06|1.545369|1.84864|-0.303271|447|331
2012-11-07|1.591108|1.771232|-0.180124|785|641
2012-11-08|1.508271|1.840396|-0.332126|1064|959
2012-11-09|1.635288|1.690195|-0.054907|815|563
2012-11-10|1.522344|1.934583|-0.41224|64|48
2012-11-11|1.708667|1.654828|0.053839|75|29
2012-11-12|1.594034|1.722656|-0.128622|476|369
2012-11-13|1.64734|1.76811|-0.12077|500|344
2012-11-14|1.599327|1.728789|-0.129462|431|289
2012-11-15|1.549342|1.779252|-0.22991|866|615
2012-11-16|1.535394|1.714521|-0.179127|1040|679
2012-11-17|1.536404|1.672439|-0.136035|89|41
2012-11-18|1.6276|1.636122|-0.008522|75|49
2012-11-19|1.666932|1.653803|0.013129|854|497
2012-11-20|1.67226|1.620618|0.051642|531|340
2012-11-21|1.670637|1.630473|0.040164|251|148
2012-11-22|1.762727|1.799583|-0.036856|33|48
2012-11-23|1.771582|1.7642|0.007382|196|100
2012-11-24|1.567636|2.106207|-0.538571|55|29
2012-11-25|1.676105|1.662857|0.013248|95|42
2012-11-26|1.689041|1.653855|0.035187|459|275
2012-11-27|1.680514|1.772874|-0.09236|350|247
2012-11-28|1.677905|1.640496|0.037409|401|262
2012-11-29|1.675326|1.801914|-0.126588|383|256
2012-11-30|1.659239|1.718918|-0.059679|289|231
2012-12-01|1.599318|1.758056|-0.158737|44|36
2012-12-02|1.598|1.443929|0.154071|55|28
2012-12-03|1.698927|1.706736|-0.007808|289|193
2012-12-04|1.605729|1.681533|-0.075804|391|300
2012-12-05|1.580988|1.783722|-0.202734|840|798
2012-12-06|1.636214|1.833544|-0.19733|700|474
2012-12-07|1.64886|1.878186|-0.229326|535|452
2012-12-08|1.49125|2.101111|-0.609861|64|63
2012-12-09|1.488101|1.80625|-0.318149|79|48
2012-12-10|1.558881|1.810206|-0.251325|420|340
2012-12-11|1.661935|1.645322|0.016614|496|342
2012-12-12|1.588937|1.657563|-0.068626|348|238
2012-12-13|1.60216|1.753423|-0.151263|426|336
2012-12-14|1.51443|1.78784|-0.273409|772|648
2012-12-15|1.556343|1.40975|0.146593|134|80
2012-12-16|1.604025|1.624535|-0.02051|241|172
2012-12-17|1.669084|1.601667|0.067418|819|444
2012-12-18|1.74672|1.67914|0.06758|439|221
2012-12-19|1.600365|1.68313|-0.082765|329|246
2012-12-20|1.555147|1.856714|-0.301568|375|350
2012-12-21|1.655|1.877835|-0.222835|362|254
2012-12-22|1.604909|1.656596|-0.051687|55|47
2012-12-23|1.640649|1.695217|-0.054568|77|46
2012-12-24|1.706|1.918471|-0.212471|125|85
2012-12-25|1.903846|1.955238|-0.051392|39|21
2012-12-26|1.461038|1.679102|-0.218064|212|167
2012-12-27|1.640647|1.651471|-0.010824|402|272
2012-12-28|1.704042|1.736129|-0.032087|240|155
2012-12-29|1.676837|1.932174|-0.255337|98|46
2012-12-30|1.761143|1.688095|0.073048|70|42
2012-12-31|1.704289|1.662678|0.041611|443|239
2013-01-01|1.765042|1.872083|-0.107041|119|72
2013-01-02|1.715814|1.651822|0.063992|516|247
2013-01-03|1.645987|1.635357|0.01063|304|168
2013-01-04|1.601946|1.755777|-0.153831|483|386
2013-01-05|1.5182|1.644074|-0.125874|100|54
2013-01-06|1.605532|2.0448|-0.439268|94|50
2013-01-07|1.615928|1.767674|-0.151746|415|288
2013-01-08|1.706862|1.65662|0.050242|325|213
2013-01-09|1.679346|1.843032|-0.163686|428|310
2013-01-10|1.632308|1.702108|-0.0698|494|370
2013-01-11|1.618801|1.751361|-0.13256|267|191
2013-01-12|1.870833|1.646923|0.22391|60|39
2013-01-13|1.452344|1.864906|-0.412562|128|106
2013-01-14|1.633142|1.749914|-0.116772|767|580
2013-01-15|1.540319|1.716535|-0.176217|816|635
2013-01-16|1.635634|1.510237|0.125397|623|379
2013-01-17|1.688753|1.611429|0.077324|441|301
2013-01-18|1.628713|1.647593|-0.01888|443|241
2013-01-19|1.624957|1.655694|-0.030737|117|72
2013-01-20|1.67272|1.507547|0.165173|125|53
2013-01-21|1.750769|1.668904|0.081865|117|73
2013-01-22|1.690835|1.731014|-0.040179|503|217
2013-01-23|1.698482|1.813876|-0.115394|1252|823
2013-01-24|1.671441|1.767703|-0.096262|895|688
2013-01-25|1.614541|1.772201|-0.157659|687|518
2013-01-26|1.629626|1.683585|-0.053959|107|53
2013-01-27|1.553182|1.69|-0.136818|110|74
2013-01-28|1.568333|1.649524|-0.08119|402|210
2013-01-29|1.659558|1.539692|0.119866|317|195
2013-01-30|1.585108|1.740878|-0.15577|325|205
2013-01-31|1.667949|1.656483|0.011466|195|145
2013-02-01|1.637557|1.807083|-0.169526|348|240
2013-02-02|1.66175|2.085556|-0.423806|40|18
2013-02-03|1.63413|1.298077|0.336054|46|26
2013-02-04|1.547824|1.657614|-0.10979|262|197
2013-02-05|1.627881|1.695479|-0.067598|387|219
2013-02-06|1.659905|1.786019|-0.126114|420|314
2013-02-07|1.686972|1.723731|-0.036759|535|268
2013-02-08|1.755182|1.747321|0.007861|357|224
2013-02-09|1.730833|1.63|0.100833|48|9
2013-02-10|1.722653|2.051|-0.328347|49|20
2013-02-11|1.619599|1.686167|-0.066568|299|180
2013-02-12|1.549267|1.81117|-0.261904|491|393
2013-02-13|1.662616|1.85|-0.187384|302|200
2013-02-14|1.683715|1.687643|-0.003928|288|157
2013-02-15|1.588443|1.801705|-0.213261|212|176
2013-02-16|1.6025|1.64|-0.0375|24|19
2013-02-17|1.661714|1.490313|0.171402|35|32
2013-02-18|1.593673|1.584419|0.009255|49|43
2013-02-19|1.630254|1.791622|-0.161368|276|185
2013-02-20|1.590714|1.922988|-0.332273|322|241
2013-02-21|1.616623|1.789018|-0.172395|305|224
2013-02-22|1.621545|1.594495|0.02705|220|109
2013-02-23|1.523636|1.728|-0.204364|22|20
2013-02-24|1.288837|2.104706|-0.815869|43|17
2013-02-25|1.5435|1.945166|-0.401666|160|151
2013-02-26|1.64992|1.792347|-0.142426|376|277
2013-02-27|1.630477|1.82508|-0.194603|440|311
2013-02-28|1.572018|1.774202|-0.202185|228|188
2013-03-01|1.561559|1.833077|-0.271518|481|455
2013-03-02|1.506038|1.766444|-0.260407|53|45
2013-03-03|1.442857|1.54|-0.097143|63|60
2013-03-04|1.646274|1.754423|-0.108148|671|459
2013-03-05|1.63201|1.69245|-0.06044|622|347
2013-03-06|1.617248|1.837864|-0.220615|447|323
2013-03-07|1.643545|1.693148|-0.049603|440|324
2013-03-08|1.502166|1.74759|-0.245425|314|249
2013-03-09|1.420465|1.4544|-0.033935|43|25
2013-03-10|1.657955|1.705333|-0.047379|44|15
2013-03-11|1.649742|1.738502|-0.088759|427|267
2013-03-12|1.569565|1.785901|-0.216335|414|322
2013-03-13|1.596773|1.786846|-0.190073|375|279
2013-03-14|1.748532|1.762021|-0.013489|402|282
2013-03-15|1.683495|1.677909|0.005586|598|373
2013-03-16|1.612439|1.981111|-0.368672|41|27
2013-03-17|1.600606|1.791064|-0.190458|66|47
2013-03-18|1.664922|1.67173|-0.006808|514|341
2013-03-19|1.702287|1.77552|-0.073233|376|250
2013-03-20|1.651857|1.682767|-0.030911|237|159
2013-03-21|1.697471|1.78933|-0.091859|344|179
2013-03-22|1.712651|1.607064|0.105587|479|218
2013-03-23|1.74561|1.293846|0.451764|41|13
2013-03-24|1.750526|1.8652|-0.114674|57|25
2013-03-25|1.664638|1.756127|-0.091489|304|173
2013-03-26|1.708769|1.618457|0.090312|268|175
2013-03-27|1.572717|1.699498|-0.126781|346|219
2013-03-28|1.590139|1.81226|-0.222122|361|292
2013-03-29|1.935902|1.521579|0.414323|61|38
2013-03-30|1.636875|1.818095|-0.18122|48|42
2013-03-31|1.724314|1.572703|0.151611|51|37
2013-04-01|1.562974|1.794982|-0.232008|380|279
2013-04-02|1.552189|1.70159|-0.149402|498|415
2013-04-03|1.560372|1.807647|-0.247275|269|204
2013-04-04|1.573604|1.708492|-0.134888|333|305
2013-04-05|1.552074|1.753242|-0.201168|405|327
2013-04-06|1.560606|1.884412|-0.323806|66|34
2013-04-07|1.597966|1.69359|-0.095624|59|39
2013-04-08|1.543792|1.681369|-0.137577|298|168
2013-04-09|1.645486|1.762485|-0.116998|257|165
2013-04-10|1.765362|1.586605|0.178757|304|162
2013-04-11|1.647302|1.658367|-0.011066|189|147
2013-04-12|1.414225|1.793556|-0.37933|71|45
2013-04-13|1.708182|1.396667|0.311515|11|6
2013-04-14|1.6|2.0388|-0.4388|28|25
2013-04-15|1.425099|1.758549|-0.33345|202|193
2013-04-16|1.607093|1.604054|0.003038|227|148
2013-04-17|1.585248|1.807933|-0.222686|646|600
2013-04-18|1.530416|1.811365|-0.280949|529|491
2013-04-19|1.634017|1.815668|-0.181651|356|277
2013-04-20|1.578784|2.136|-0.557216|74|30
2013-04-21|1.590986|1.756977|-0.165991|71|43
2013-04-22|1.676299|1.776723|-0.100424|308|177
2013-04-23|1.703246|1.840556|-0.137311|1140|791
2013-04-24|1.643772|1.66573|-0.021958|692|452
2013-04-25|1.740456|1.673818|0.066638|285|165
2013-04-26|1.675269|1.709725|-0.034456|353|182
2013-04-27|1.697966|1.882174|-0.184208|59|23
2013-04-28|1.8575|1.50375|0.35375|40|16
2013-04-29|1.637365|1.641723|-0.004358|444|267
2013-04-30|1.732695|1.702197|0.030498|538|305
2013-05-01|1.633374|1.807583|-0.174209|326|211
2013-05-02|1.704042|1.74989|-0.045848|334|181
2013-05-03|1.684521|1.647468|0.037053|334|158
2013-05-04|1.735306|2.09|-0.354694|49|20
2013-05-05|1.302353|1.835714|-0.533361|34|14
2013-05-06|1.65282|1.568368|0.084451|344|190
2013-05-07|1.602435|1.74192|-0.139485|345|250
2013-05-08|1.730679|1.674083|0.056596|383|218
2013-05-09|1.657509|1.696743|-0.039234|265|218
2013-05-10|1.468333|1.843254|-0.374921|186|169
2013-05-11|1.750952|1.8325|-0.081548|21|20
2013-05-12|1.666333|1.46913|0.197203|30|23
2013-05-13|1.675886|1.635851|0.040035|175|94
2013-05-14|1.646226|1.870656|-0.22443|318|259
2013-05-15|1.563433|1.726157|-0.162724|469|458
2013-05-16|1.66941|1.757458|-0.088047|373|236
2013-05-17|1.665391|1.748406|-0.083014|230|138
2013-05-18|1.954839|1.7275|0.227339|31|12
2013-05-19|1.594167|2.100556|-0.506389|24|18
2013-05-20|1.733082|1.863237|-0.130155|292|173
2013-05-21|1.593425|1.697606|-0.10418|362|213
2013-05-22|1.612226|1.730896|-0.118671|337|212
2013-05-23|1.667413|1.799035|-0.131622|375|228
2013-05-24|1.659949|1.780993|-0.121044|197|141
2013-05-25|1.825238|1.325|0.500238|21|10
2013-05-26|1.5644|1.415263|0.149137|25|19
2013-05-27|1.474444|1.208571|0.265873|36|14
2013-05-28|1.691014|1.796595|-0.105581|296|185
2013-05-29|1.711679|1.644786|0.066893|274|140
2013-05-30|1.75557|1.690932|0.064638|298|118
2013-05-31|1.72928|1.689276|0.040004|250|152
2013-06-01|1.409474|1.748571|-0.339098|19|14
2013-06-02|1.613226|1.497143|0.116083|31|14
2013-06-03|1.658664|1.840385|-0.181721|217|130
2013-06-04|1.627871|1.697451|-0.06958|263|153
2013-06-05|1.584348|1.717333|-0.132986|207|165
2013-06-06|1.617088|1.733188|-0.1161|285|229
2013-06-07|1.661921|1.721476|-0.059556|302|210
2013-06-08|1.480333|1.557647|-0.077314|30|17
2013-06-09|1.536563|1.752353|-0.21579|32|17
2013-06-10|1.620708|1.843138|-0.222431|424|325
2013-06-11|1.669808|1.796994|-0.127187|260|173
2013-06-12|1.51937|1.710437|-0.191067|254|206
2013-06-13|1.699477|1.607455|0.092023|287|165
2013-06-14|1.595222|1.756935|-0.161714|203|124
2013-06-15|1.549524|1.517391|0.032133|21|23
2013-06-16|1.376538|1.840625|-0.464087|26|16
2013-06-17|1.780915|1.761087|0.019828|164|92
2013-06-18|1.572833|1.824259|-0.251426|120|108
2013-06-19|1.549478|1.771706|-0.222228|230|252
2013-06-20|1.59571|1.792121|-0.196411|331|264
2013-06-21|1.514599|1.749422|-0.234823|237|225
2013-06-22|1.498235|2.004444|-0.506209|34|36
2013-06-23|1.642927|1.371389|0.271538|41|36
2013-06-24|1.566856|1.858178|-0.291322|264|258
2013-06-25|1.572348|1.791459|-0.219112|328|281
2013-06-26|1.541929|1.818599|-0.27667|425|357
2013-06-27|1.663123|1.77877|-0.115647|349|309
2013-06-28|1.698074|1.797175|-0.099101|379|269
2013-06-29|1.695946|1.617059|0.078887|37|17
2013-06-30|1.619091|1.5705|0.048591|44|20
2013-07-01|1.730111|1.77871|-0.048599|361|186
2013-07-02|1.600856|1.703167|-0.10231|397|300
2013-07-03|1.598278|1.707207|-0.108929|180|111
2013-07-04|1.559355|1.668286|-0.108931|62|35
2013-07-05|1.530952|1.669268|-0.138316|189|164
2013-07-06|1.773158|2.045625|-0.272467|19|16
2013-07-07|1.849143|1.742857|0.106286|35|35
2013-07-08|1.632667|1.82375|-0.191083|240|136
2013-07-09|1.669348|1.759291|-0.089944|276|127
2013-07-10|1.631699|1.632763|-0.001064|153|76
2013-07-11|1.790734|1.734825|0.055909|218|114
2013-07-12|1.530382|1.63936|-0.108978|157|125
2013-07-13|1.797|1.8925|-0.0955|20|8
2013-07-14|1.67|1.076667|0.593333|13|9
2013-07-15|1.785309|1.609398|0.175911|162|83
2013-07-16|1.896951|1.690222|0.206729|82|45
2013-07-18|1.630043|1.589128|0.040915|232|172
2013-07-19|1.696192|1.795691|-0.099499|239|188
2013-07-20|1.48|1.923846|-0.443846|26|26
2013-07-21|1.75|1.894583|-0.144583|27|24
2013-07-22|1.520609|1.859519|-0.338911|115|104
2013-07-23|1.686095|1.796637|-0.110541|671|559
2013-07-24|1.645127|1.715957|-0.07083|472|282
2013-07-25|1.592612|1.755664|-0.163051|245|113
2013-07-26|1.792885|1.726774|0.06611|156|93
2013-07-27|1.845|1.980588|-0.135588|30|17
2013-07-28|1.844706|1.653333|0.191373|34|3
2013-07-29|1.707585|1.642016|0.065569|294|124
2013-07-30|1.744078|1.5324|0.211678|282|125
2013-07-31|1.737463|1.650113|0.08735|272|177
2013-08-01|1.645538|1.708905|-0.063367|260|137
2013-08-02|1.722423|1.69227|0.030153|355|163
2013-08-03|1.743864|1.981538|-0.237675|44|26
2013-08-04|1.815306|1.796875|0.018431|49|16
2013-08-05|1.734136|1.649808|0.084328|382|208
2013-08-06|1.579466|1.719845|-0.140379|281|194
2013-08-07|1.5845|1.608|-0.0235|180|110
2013-08-08|1.664338|1.594706|0.069632|219|136
2013-08-09|1.569302|1.682698|-0.113396|215|189
2013-08-10|1.869412|1.789412|0.08|34|17
2013-08-11|1.659804|1.669375|-0.009571|51|32
2013-08-12|1.827154|1.608085|0.219069|383|141
2013-08-13|1.761675|1.64756|0.114114|1057|455
2013-08-14|1.718506|1.681036|0.03747|783|473
2013-08-15|1.715599|1.718478|-0.002879|543|289
2013-08-16|1.705399|1.693742|0.011657|426|155
2013-08-17|1.711633|1.825263|-0.113631|49|19
2013-08-18|1.751698|1.508696|0.243002|53|23
2013-08-19|1.685243|1.67146|0.013783|494|274
2013-08-20|1.669019|1.655186|0.013833|418|295
2013-08-21|1.639716|1.683396|-0.04368|317|212
2013-08-22|1.738852|1.792947|-0.054095|601|380
2013-08-23|1.712622|1.773094|-0.060472|267|139
2013-08-24|1.500909|1.396|0.104909|33|10
2013-08-25|1.785882|1.9075|-0.121618|34|16
2013-08-26|1.69272|1.647906|0.044814|375|191
2013-08-27|1.574283|1.749155|-0.174872|516|355
2013-08-28|1.726966|1.790694|-0.063728|379|245
2013-08-29|1.747421|1.684837|0.062584|252|153
2013-08-30|1.590226|1.573691|0.016534|266|149
2013-08-31|1.614865|1.430909|0.183956|37|11
2013-09-01|1.975385|1.317857|0.657527|26|14
2013-09-02|1.784603|1.752174|0.032429|63|23
2013-09-03|1.753304|1.700082|0.053222|342|244
2013-09-04|1.753777|1.695897|0.05788|601|273
2013-09-05|1.796397|1.505267|0.291131|297|150
2013-09-06|1.805509|1.759762|0.045747|432|210
2013-09-07|1.876842|1.815909|0.060933|76|22
2013-09-08|1.950781|1.571935|0.378846|64|31
2013-09-09|1.836606|1.633934|0.202672|439|211
2013-09-10|1.691667|1.78907|-0.097404|1062|667
2013-09-11|1.6311|1.733916|-0.102816|1182|812
2013-09-12|1.754391|1.640072|0.114319|542|277
2013-09-13|1.679163|1.860975|-0.181812|442|359
2013-09-14|1.752054|1.562462|0.189592|112|65
2013-09-15|1.754608|1.823276|-0.068668|102|58
2013-09-16|1.62611|1.813936|-0.187827|694|564
2013-09-17|1.648004|1.691756|-0.043752|546|336
2013-09-18|1.748529|1.71569|0.032839|605|355
2013-09-19|1.719823|1.757542|-0.037719|452|240
2013-09-20|1.677543|1.858758|-0.181214|578|330
2013-09-21|1.693243|1.913247|-0.220004|111|77
2013-09-22|1.651505|1.728108|-0.076603|93|74
2013-09-23|1.721246|1.754242|-0.032997|907|495
2013-09-24|1.748138|1.614235|0.133903|392|196
2013-09-25|1.637287|1.701391|-0.064104|387|230
2013-09-26|1.73266|1.635956|0.096704|312|136
2013-09-27|1.654871|1.568407|0.086464|232|113
2013-09-28|1.562308|1.983125|-0.420817|39|16
2013-09-29|1.449184|1.833235|-0.384052|49|34
2013-09-30|1.701959|1.690135|0.011824|245|148
2013-10-01|1.766144|1.585732|0.180411|459|157
2013-10-02|1.671258|1.731699|-0.060441|302|153
2013-10-03|1.633175|1.904407|-0.271232|252|177
2013-10-04|1.737797|1.679352|0.058445|236|108
2013-10-05|1.764074|1.3025|0.461574|27|8
2013-10-06|1.622703|1.868571|-0.245869|37|14
2013-10-07|1.769924|1.616791|0.153133|262|134
2013-10-08|1.561814|1.773206|-0.211392|215|131
2013-10-09|1.520556|1.5984|-0.077844|216|100
2013-10-10|1.606703|1.536063|0.070641|273|160
2013-10-11|1.746316|1.607213|0.139103|304|122
2013-10-12|1.865417|1.607|0.258417|24|30
2013-10-13|1.827297|1.711613|0.115684|37|31
2013-10-14|1.731507|1.7373|-0.005793|219|100
2013-10-15|1.744472|1.679051|0.065421|284|137
2013-10-16|1.748225|1.809914|-0.061689|231|116
2013-10-17|1.853276|1.536106|0.31717|290|113
2013-10-18|1.830166|1.676333|0.153833|301|90
2013-10-19|1.779672|1.570385|0.209288|61|26
2013-10-20|1.866042|1.314|0.552042|48|15
2013-10-21|1.809176|1.474348|0.334828|461|207
2013-10-22|1.670584|1.838571|-0.167987|685|420
2013-10-23|1.770112|1.664774|0.105338|357|155
2013-10-24|1.827414|1.669427|0.157987|522|192
2013-10-25|1.672225|1.725727|-0.053502|409|227
2013-10-26|1.8032|1.844333|-0.041133|75|30
2013-10-27|1.66|1.466136|0.193864|93|44
2013-10-28|1.776157|1.778889|-0.002732|1335|639
2013-10-29|1.670515|1.822533|-0.152018|835|454
2013-10-30|1.68389|1.6509|0.03299|347|200
2013-10-31|1.645253|1.720392|-0.075139|217|102
2013-11-01|1.699618|1.753963|-0.054345|288|164
2013-11-02|1.748298|2.334286|-0.585988|47|21
2013-11-03|1.688|1.80625|-0.11825|40|24
2013-11-04|1.637523|1.787547|-0.150025|222|106
2013-11-05|1.727419|1.886559|-0.15914|186|93
2013-11-06|1.646335|1.757103|-0.110769|221|145
2013-11-07|1.614542|1.877234|-0.262692|284|188
2013-11-08|1.709281|1.735489|-0.026208|292|133
2013-11-09|1.894815|1.968182|-0.073367|27|11
2013-11-10|1.663|1.9655|-0.3025|50|20
2013-11-11|1.652988|1.760541|-0.107553|241|148
2013-11-12|1.799447|1.506486|0.292961|199|111
2013-11-13|1.694828|1.72339|-0.028562|290|118
2013-11-14|1.787715|1.64632|0.141395|337|125
2013-11-15|1.786897|1.725974|0.060923|319|154
2013-11-16|1.859583|2.141111|-0.281528|24|9
2013-11-17|1.78525|1.15|0.63525|40|7
2013-11-18|1.650438|1.852966|-0.202527|251|145
2013-11-19|1.587473|1.780755|-0.193282|182|106
2013-11-20|1.554167|1.761392|-0.207226|276|158
2013-11-21|1.685342|1.604491|0.080851|380|167
2013-11-22|1.765153|1.711224|0.053929|196|98
2013-11-23|1.716129|1.778571|-0.062442|31|7
2013-11-24|1.865714|1.752857|0.112857|56|14
2013-11-25|1.803872|1.592523|0.21135|235|111
2013-11-26|1.835156|1.545253|0.289903|514|198
2013-11-27|1.832364|1.485455|0.346909|440|187
2013-11-28|1.764688|1.973333|-0.208646|64|12
2013-11-29|1.854985|1.6712|0.183785|325|150
2013-11-30|1.781224|1.634737|0.146488|49|19
2013-12-01|1.818028|1.855588|-0.03756|71|34
2013-12-02|1.696413|1.663757|0.032656|368|181
2013-12-03|1.748981|1.664082|0.0849|481|196
2013-12-04|1.767078|1.463682|0.303396|486|258
2013-12-05|1.693881|1.631908|0.061973|536|325
2013-12-06|1.695395|1.643506|0.051888|456|231
2013-12-07|1.792174|1.76625|0.025924|46|24
2013-12-08|1.751404|1.495|0.256404|57|28
2013-12-09|1.75328|1.585426|0.167853|311|129
2013-12-10|1.789386|1.559206|0.23018|277|126
2013-12-11|1.743644|1.721657|0.021986|365|181
2013-12-12|1.774404|1.728588|0.045816|277|170
2013-12-13|1.684103|1.72641|-0.042308|312|195
2013-12-14|1.834082|1.709565|0.124516|49|23
2013-12-15|1.761967|2.003158|-0.241191|61|19
2013-12-16|1.74971|1.54913|0.20058|276|138
2013-12-17|1.686859|1.809862|-0.123003|277|145
2013-12-18|1.644777|1.7525|-0.107723|582|328
2013-12-19|1.627296|1.80658|-0.179284|270|193
2013-12-20|1.71279|1.505581|0.207208|233|86
2013-12-21|1.910952|1.718182|0.192771|21|11
2013-12-22|1.88985|1.725703|0.164146|266|128
2013-12-23|1.77906|1.6235|0.15556|649|220
2013-12-24|1.754798|1.65|0.104798|198|97
2013-12-25|1.7636|1.655333|0.108267|50|15
2013-12-26|1.721168|1.560952|0.160216|274|126
2013-12-27|1.669904|1.823286|-0.153382|312|140
2013-12-28|1.746111|1.666|0.080111|90|30
2013-12-29|1.554878|1.720278|-0.1654|41|36
2013-12-30|1.607427|1.733571|-0.126145|307|154
2013-12-31|1.744301|1.600649|0.143651|193|77
2014-01-01|1.576757|2.403333|-0.826577|37|3
2014-01-02|1.701455|1.735598|-0.034143|378|209
2014-01-03|1.579311|1.802392|-0.223082|566|372
2014-01-04|1.513594|1.711154|-0.19756|64|52
2014-01-05|1.669595|1.774545|-0.104951|74|55
2014-01-06|1.643571|1.691442|-0.047871|504|312
2014-01-07|1.676452|1.806884|-0.130432|420|276
2014-01-08|1.736844|1.793519|-0.056675|301|162
2014-01-09|1.590103|1.846347|-0.256245|390|334
2014-01-10|1.6206|1.782515|-0.161915|433|334
2014-01-11|1.602889|1.600429|0.00246|90|70
2014-01-12|1.678182|1.7938|-0.115618|88|50
2014-01-13|1.679352|1.846307|-0.166955|432|241
2014-01-14|1.788166|1.704557|0.083609|398|158
2014-01-15|1.804107|1.758536|0.045571|487|239
2014-01-16|1.773868|1.777908|-0.004041|318|153
2014-01-17|1.625023|1.7243|-0.099277|442|300
2014-01-18|1.572923|1.974762|-0.401839|65|42
2014-01-19|1.581972|1.703784|-0.121812|71|37
2014-01-20|1.715795|1.814286|-0.09849|88|28
2014-01-21|1.745306|1.802026|-0.05672|294|153
2014-01-22|1.754511|1.719128|0.035384|399|149
2014-01-23|1.742886|1.746408|-0.003522|440|245
2014-01-24|1.7025|1.77574|-0.07324|392|223
2014-01-25|1.883636|1.653|0.230636|88|40
2014-01-26|1.689712|1.869111|-0.1794|104|45
2014-01-27|1.676533|1.851779|-0.175247|1269|843
2014-01-28|1.646247|1.748396|-0.102149|938|611
2014-01-29|1.658563|1.752268|-0.093705|536|410
2014-01-30|1.677113|1.631614|0.045499|523|316
2014-01-31|1.711347|1.741781|-0.030434|386|247
2014-02-01|1.689036|1.629074|0.059962|83|54
2014-02-02|1.706458|1.782333|-0.075875|96|30
2014-02-03|1.721672|1.936062|-0.21439|317|226
2014-02-04|1.652876|1.770859|-0.117983|226|163
2014-02-05|1.674274|1.791311|-0.117037|248|122
2014-02-06|1.635884|1.658261|-0.022376|277|115
2014-02-07|1.685928|1.856395|-0.170468|442|172
2014-02-08|1.668667|1.774583|-0.105917|45|24
2014-02-09|1.569014|1.806667|-0.237653|71|21
2014-02-10|1.765607|1.491667|0.27394|280|102
2014-02-11|1.725729|1.725357|0.000372|192|84
2014-02-12|1.596318|1.693556|-0.097237|201|135
2014-02-13|1.597015|1.636111|-0.039096|268|162
2014-02-14|1.7275|1.803529|-0.076029|192|102
2014-02-15|1.543636|1.203571|0.340065|33|14
2014-02-16|1.75197|1.648|0.10397|66|20
2014-02-17|1.852419|2.051429|-0.199009|62|14
2014-02-18|1.783542|1.740588|0.042953|192|102
2014-02-19|1.636407|1.816524|-0.180117|231|164
2014-02-20|1.714147|1.696041|0.018107|299|197
2014-02-21|1.611895|1.811934|-0.200039|285|181
2014-02-22|1.627018|1.73|-0.102982|57|23
2014-02-23|1.493488|2.005517|-0.512029|43|29
2014-02-24|1.67068|1.678397|-0.007718|309|156
2014-02-25|1.596532|1.716067|-0.119535|248|178
2014-02-26|1.699835|1.702615|-0.00278|363|218
2014-02-27|1.724005|1.769195|-0.04519|402|174
2014-02-28|1.640922|1.847989|-0.207067|293|179
2014-03-01|1.637778|1.687368|-0.049591|27|19
2014-03-02|1.578125|2.015588|-0.437463|48|34
2014-03-03|1.689447|1.785437|-0.09599|235|103
2014-03-04|1.834279|1.717791|0.116488|215|86
2014-03-05|1.757685|1.697105|0.06058|216|76
2014-03-06|1.643725|1.666556|-0.02283|153|90
2014-03-07|1.750588|1.773095|-0.022507|187|84
2014-03-08|1.6035|1.705625|-0.102125|40|16
2014-03-09|1.826207|1.25|0.576207|29|11
2014-03-10|1.890625|1.849367|0.041258|128|79
2014-03-11|1.848849|1.756414|0.092435|278|145
2014-03-12|1.774671|1.828841|-0.05417|167|69
2014-03-13|1.61775|1.819771|-0.202021|200|131
2014-03-14|1.534946|1.97064|-0.435694|184|125
2014-03-15|1.187059|1.990769|-0.80371|17|13
2014-03-16|1.643488|1.435|0.208488|43|18
2014-03-17|1.635|1.954267|-0.319267|130|75
2014-03-18|1.723899|1.899733|-0.175834|159|75
2014-03-19|1.723478|1.62675|0.096728|138|80
2014-03-20|1.667887|1.898846|-0.230959|142|104
2014-03-21|1.60774|1.879703|-0.271963|208|101
2014-03-22|1.814762|1.672667|0.142095|42|15
2014-03-23|1.964643|1.366842|0.597801|56|19
2014-03-24|1.712943|1.5715|0.141443|316|120
2014-03-25|1.756817|1.550818|0.205999|333|110
2014-03-26|1.695687|1.613841|0.081846|262|138
2014-03-27|1.603072|1.757416|-0.154343|166|89
2014-03-28|1.680533|1.78988|-0.109346|150|83
2014-03-29|1.937941|1.499286|0.438655|34|14
2014-03-30|1.777727|1.82125|-0.043523|22|8
2014-03-31|1.628601|1.746296|-0.117695|143|81
2014-04-01|1.668246|1.671194|-0.002948|171|67
2014-04-02|1.81|1.573966|0.236034|161|58
2014-04-03|1.652636|1.716143|-0.063506|110|70
2014-04-04|1.74642|1.899911|-0.15349|176|112
2014-04-05|1.891|2.077143|-0.186143|20|7
2014-04-06|1.733|1.366667|0.366333|20|9
2014-04-07|1.667809|1.836556|-0.168747|178|151
2014-04-08|1.58681|1.694302|-0.107493|163|86
2014-04-09|1.573971|1.804386|-0.230415|136|57
2014-04-10|1.711346|1.678276|0.03307|156|116
2014-04-11|1.634605|1.782857|-0.148252|152|140
2014-04-12|1.903571|1.897692|0.005879|14|13
2014-04-13|1.82|1.895909|-0.075909|25|22
2014-04-14|1.682193|1.627273|0.05492|114|66
2014-04-15|1.595756|1.814453|-0.218697|172|128
2014-04-16|1.669241|1.840208|-0.170967|145|96
2014-04-17|1.811131|1.75725|0.053881|168|80
2014-04-18|1.918235|1.849412|0.068824|17|17
2014-04-19|1.50125|2.087|-0.58575|16|10
2014-04-20|1.481364|1.684286|-0.202922|22|7
2014-04-21|1.6982|1.801724|-0.103524|100|58
2014-04-22|1.69637|1.835882|-0.139512|135|68
2014-04-23|1.780308|1.857232|-0.076924|843|448
2014-04-24|1.753748|1.737758|0.01599|523|330
2014-04-25|1.777544|1.835149|-0.057605|342|202
2014-04-26|1.84125|1.334348|0.506902|48|23
2014-04-27|1.915556|1.614706|0.30085|54|34
2014-04-28|1.731761|1.745271|-0.01351|426|203
2014-04-29|1.698423|1.726389|-0.027966|241|144
2014-04-30|1.639586|1.653005|-0.013419|290|193
2014-05-01|1.637467|1.647101|-0.009635|225|138
2014-05-02|1.664971|1.818443|-0.153472|171|122
2014-05-03|1.8244|1.216|0.6084|25|5
2014-05-04|1.624444|1.748|-0.123556|18|10
2014-05-05|1.783943|1.73471|0.049233|350|155
2014-05-06|1.653376|1.697563|-0.044187|237|119
2014-05-07|1.606146|1.908932|-0.302786|192|103
2014-05-08|1.849243|1.73125|0.117993|317|144
2014-05-09|1.888133|1.845854|0.042279|391|164
2014-05-10|2.005|1.640556|0.364444|58|18
2014-05-11|1.758235|1.763333|-0.005098|51|21
2014-05-12|1.929082|1.709211|0.219871|196|76
2014-05-13|1.718889|1.852769|-0.13388|135|65
2014-05-14|1.690959|2.006458|-0.315499|146|144
2014-05-15|1.725659|1.979297|-0.253638|182|128
2014-05-16|1.729858|1.759343|-0.029485|211|137
2014-05-17|1.591463|1.847391|-0.255928|41|23
2014-05-18|2.178182|1.708|0.470182|33|10
2014-05-19|1.844366|1.812198|0.032168|213|91
2014-05-20|1.638|1.935317|-0.297317|165|126
2014-05-21|1.777543|1.725275|0.052268|175|91
2014-05-22|1.739126|1.598587|0.140539|206|92
2014-05-23|1.804111|1.616916|0.187196|287|107
2014-05-24|2.054884|1.493333|0.56155|43|15
2014-05-25|1.834783|2.145|-0.310217|23|4
2014-05-26|1.618333|2.061818|-0.443485|54|11
2014-05-27|1.727195|1.661266|0.065929|303|158
2014-05-28|1.867097|1.702|0.165097|279|165
2014-05-29|1.943797|1.612905|0.330891|403|179
2014-05-30|1.747813|1.715973|0.03184|471|293
2014-05-31|1.798125|1.441818|0.356307|32|22
2014-06-01|1.745588|1.488367|0.257221|68|49
2014-06-02|1.647249|1.80313|-0.155881|498|361
2014-06-03|1.770633|1.823677|-0.053044|395|223
2014-06-04|1.668993|1.673455|-0.004461|437|275
2014-06-05|1.788626|1.681789|0.106836|393|190
2014-06-06|1.695988|1.861942|-0.165954|324|242
2014-06-07|1.66225|1.464783|0.197467|80|23
2014-06-08|1.7775|1.62275|0.15475|96|40
2014-06-09|1.771553|1.687831|0.083722|483|189
2014-06-10|1.729538|1.60528|0.124257|346|214
2014-06-11|1.619769|1.731871|-0.112102|260|171
2014-06-12|1.661667|1.601498|0.060169|288|247
2014-06-13|1.547395|1.761168|-0.213773|261|197
2014-06-14|1.59|1.73|-0.14|25|12
2014-06-15|1.4775|2.047059|-0.569559|28|17
2014-06-16|1.564946|1.6574|-0.092454|186|100
2014-06-17|1.675029|1.775467|-0.100438|173|75
2014-06-18|1.732242|1.61875|0.113492|223|136
2014-06-19|1.827708|1.880901|-0.053193|192|111
2014-06-20|1.695935|1.807661|-0.111727|214|124
2014-06-21|1.788065|1.738095|0.049969|31|21
2014-06-22|1.742368|1.767568|-0.025199|38|37
2014-06-23|1.608611|1.795769|-0.187158|180|156
2014-06-24|1.601457|1.794052|-0.192595|247|153
2014-06-25|1.668907|1.777929|-0.109022|247|140
2014-06-26|1.75015|1.78243|-0.03228|267|107
2014-06-27|1.826343|1.82439|0.001952|216|82
2014-06-28|1.637097|1.57125|0.065847|31|8
2014-06-29|2.057838|1.935455|0.122383|37|11
2014-06-30|1.758884|1.689899|0.068985|251|99
2014-07-01|1.662296|1.665823|-0.003527|196|79
2014-07-02|1.753155|1.555727|0.197428|206|110
2014-07-03|1.732208|1.700588|0.03162|154|34
2014-07-04|1.953125|2.483333|-0.530208|16|12
2014-07-05|1.867273|0|1.867273|22|0
2014-07-06|1.826154|1.746667|0.079487|26|3
2014-07-07|1.840864|1.408065|0.4328|324|124
2014-07-08|1.744281|1.764859|-0.020578|292|142
2014-07-09|1.89486|1.681184|0.213676|179|76
2014-07-10|1.647607|1.69475|-0.047143|234|120
2014-07-11|1.699116|1.648852|0.050263|147|61
2014-07-12|1.931379|1.032222|0.899157|29|9
2014-07-13|1.954211|1.296154|0.658057|19|13
2014-07-14|1.797766|1.598154|0.199612|188|65
2014-07-15|1.769912|1.701765|0.068147|339|170
2014-07-16|1.731163|1.846228|-0.115064|404|281
2014-07-17|1.649705|1.811634|-0.161929|305|202
2014-07-18|1.792785|1.916176|-0.123392|237|102
2014-07-19|1.786667|2.013|-0.226333|24|10
2014-07-20|1.773514|1.669375|0.104139|37|16
2014-07-21|1.880698|1.771064|0.109634|215|94
2014-07-22|1.799546|1.845983|-0.046437|771|361
2014-07-23|1.859006|1.729522|0.129484|503|209
2014-07-24|1.760176|1.79134|-0.031164|170|97
2014-07-25|1.774068|1.968837|-0.194769|177|43
2014-07-26|1.541333|2.095714|-0.554381|45|14
2014-07-27|1.623684|1.976667|-0.352982|38|9
2014-07-28|1.806105|1.61675|0.189355|267|120
2014-07-29|1.77268|1.774066|-0.001386|194|91
2014-07-30|1.801329|1.627941|0.173388|158|68
2014-07-31|1.797897|1.856632|-0.058735|271|190
2014-08-01|1.79967|1.807295|-0.007625|212|122
2014-08-02|1.53375|1.182857|0.350893|16|7
2014-08-03|1.792609|2.029167|-0.236558|23|12
2014-08-04|1.671337|1.6773|-0.005963|187|100
2014-08-05|1.729803|1.756981|-0.027178|254|159
2014-08-06|1.667819|1.612321|0.055498|188|112
2014-08-07|1.572795|1.929111|-0.356316|229|135
2014-08-08|1.678952|1.781189|-0.102237|229|143
2014-08-09|1.891818|1.867895|0.023923|22|19
2014-08-10|1.94087|0.565714|1.375155|23|7
2014-08-11|1.852143|1.851111|0.001032|168|72
2014-08-12|1.704539|1.422093|0.282446|152|43
2014-08-13|1.766242|1.622344|0.143898|157|64
2014-08-14|1.853798|1.897273|-0.043474|129|55
2014-08-15|1.848824|1.80597|0.042853|153|67
2014-08-16|1.821|2.468889|-0.647889|20|9
2014-08-17|1.793226|2.536667|-0.743441|31|9
2014-08-18|1.789136|1.684444|0.104691|243|99
2014-08-19|1.90211|1.660906|0.241205|507|276
2014-08-20|1.803209|1.661337|0.141872|268|172
2014-08-21|1.747396|1.76339|-0.015994|192|118
2014-08-22|1.759522|1.602066|0.157456|293|121
2014-08-23|1.6116|1.553846|0.057754|25|13
2014-08-24|1.869524|1.457647|0.411877|42|17
2014-08-25|1.847365|1.521348|0.326017|167|89
2014-08-26|1.774093|1.788659|-0.014565|193|82
2014-08-27|1.756302|1.614286|0.142016|384|154
2014-08-28|1.728113|1.676727|0.051386|212|110
2014-08-29|1.776708|1.522115|0.254593|161|52
2014-08-30|1.850323|1.661818|0.188504|31|11
2014-08-31|1.629808|1.907857|-0.278049|52|14
2014-09-01|1.700125|2.089412|-0.389287|80|34
2014-09-02|1.726387|1.707471|0.018916|274|87
2014-09-03|1.671714|1.82541|-0.153696|916|708
2014-09-04|1.675955|1.832076|-0.15612|628|448
2014-09-05|1.811149|1.903359|-0.09221|322|131
2014-09-06|1.685484|1.375882|0.309602|62|17
2014-09-07|1.672286|1.405833|0.266452|70|36
2014-09-08|1.663093|1.720042|-0.056949|388|238
2014-09-09|1.712651|1.841916|-0.129265|1260|856
2014-09-10|1.724484|1.777405|-0.052921|727|370
2014-09-11|1.716128|1.79914|-0.083013|439|221
2014-09-12|1.689073|1.746226|-0.057152|464|257
2014-09-13|1.783542|1.9488|-0.165258|48|25
2014-09-14|1.640169|1.616744|0.023425|59|43
2014-09-15|1.74862|1.825309|-0.076689|355|243
2014-09-16|1.695436|1.776255|-0.080819|390|243
2014-09-17|1.664466|1.847956|-0.18349|253|137
2014-09-18|1.869189|1.770988|0.098202|185|81
2014-09-19|1.71692|1.913492|-0.196572|263|126
2014-09-20|1.857708|1.849394|0.008314|48|33
2014-09-21|1.802353|1.982759|-0.180406|68|58
2014-09-22|1.726653|1.853415|-0.126762|242|205
2014-09-23|1.803106|1.914295|-0.111189|322|156
2014-09-24|1.631788|1.824186|-0.192398|425|258
2014-09-25|1.635757|1.908785|-0.273028|733|535
2014-09-26|1.680579|1.774023|-0.093444|432|261
2014-09-27|1.596613|2.054545|-0.457933|62|22
2014-09-28|1.706566|1.755962|-0.049396|99|52
2014-09-29|1.757841|1.863728|-0.105887|264|169
2014-09-30|1.677969|1.943492|-0.265523|261|126
2014-10-01|1.662753|1.906398|-0.243645|316|211
2014-10-02|1.660639|1.81699|-0.156351|360|206
2014-10-03|1.729933|1.707815|0.022119|300|151
2014-10-04|1.771346|1.6764|0.094946|52|25
2014-10-05|1.77561|1.708182|0.067428|41|22
2014-10-06|1.809704|1.906071|-0.096367|203|112
2014-10-07|1.81478|1.732201|0.082578|295|159
2014-10-08|1.804|1.664833|0.139167|330|120
2014-10-09|1.711786|1.771132|-0.059346|476|212
2014-10-10|1.745536|1.859771|-0.114235|280|131
2014-10-11|1.829231|1.911333|-0.082103|39|15
2014-10-12|1.721613|1.751282|-0.029669|62|39
2014-10-13|1.682409|1.841938|-0.159529|220|129
2014-10-14|1.598674|1.851979|-0.253305|279|192
2014-10-15|1.767426|1.866658|-0.099233|571|401
2014-10-16|1.710984|1.822595|-0.111611|437|289
2014-10-17|1.797147|1.817483|-0.020335|333|143
2014-10-18|1.72425|1.831379|-0.107129|80|29
2014-10-19|1.685625|1.590333|0.095292|80|30
2014-10-20|1.824531|1.8396|-0.015069|810|400
2014-10-21|1.788039|1.800988|-0.01295|571|253
2014-10-22|1.912274|1.82223|0.090044|321|148
2014-10-23|1.778374|1.614954|0.16342|406|218
2014-10-24|1.758159|1.838|-0.079841|239|110
2014-10-25|1.7325|1.682759|0.049741|44|29
2014-10-26|1.788833|1.785|0.003833|60|24
2014-10-27|1.713333|1.845663|-0.132329|117|83
2014-10-28|1.709336|1.623577|0.08576|211|137
2014-10-29|1.867204|1.659528|0.207676|211|127
2014-10-30|1.81942|1.828686|-0.009265|276|175
2014-10-31|1.760147|1.735833|0.024314|204|84
2014-11-01|1.741707|1.695|0.046707|41|12
2014-11-02|1.676905|1.796207|-0.119302|42|29
2014-11-03|1.816719|1.622857|0.193862|256|119
2014-11-04|1.611963|1.7747|-0.162737|163|100
2014-11-05|1.823411|1.931702|-0.108291|129|47
2014-11-06|1.633446|1.779028|-0.145581|177|72
2014-11-07|1.757477|1.84549|-0.088013|111|51
2014-11-08|1.762105|1.743|0.019105|19|10
2014-11-09|1.520909|1.452|0.068909|33|20
2014-11-10|1.794845|1.699535|0.09531|97|43
2014-11-11|1.879431|1.465682|0.413749|123|44
2014-11-12|1.941704|1.627176|0.314528|223|85
2014-11-13|1.818788|1.57432|0.244468|264|125
2014-11-14|1.757059|1.560556|0.196503|221|108
2014-11-15|1.96129|1.630833|0.330457|31|12
2014-11-16|1.771346|1.8768|-0.105454|52|25
2014-11-17|1.782769|1.579265|0.203505|195|136
2014-11-18|1.795957|1.709459|0.086497|230|74
2014-11-19|1.708068|1.830762|-0.122694|176|105
2014-11-20|1.865524|1.593839|0.271685|248|112
2014-11-21|1.707236|1.685085|0.022152|275|118
2014-11-22|1.774|1.463846|0.310154|35|13
2014-11-23|1.686857|1.6108|0.076057|35|25
2014-11-24|1.772758|1.600245|0.172512|330|163
2014-11-25|1.704727|1.624664|0.080063|385|253
2014-11-26|1.663984|1.64521|0.018774|251|119
2014-11-27|1.942203|1.329091|0.613112|59|11
2014-11-28|1.856508|1.958261|-0.101753|126|46
2014-11-29|1.966|1.5875|0.3785|30|8
2014-11-30|1.635676|1.6775|-0.041824|37|8
2014-12-01|1.681105|1.79633|-0.115224|371|267
2014-12-02|1.705055|1.773509|-0.068454|362|228
2014-12-03|1.721933|1.741928|-0.019995|326|166
2014-12-04|1.695581|1.897797|-0.202215|258|177
2014-12-05|1.725476|1.752125|-0.026649|252|160
2014-12-06|1.767333|1.583636|0.183697|30|11
2014-12-07|2.043043|1.436|0.607043|23|15
2014-12-08|1.624054|1.722809|-0.098755|370|299
2014-12-09|1.65063|1.723454|-0.072824|508|249
2014-12-10|1.567228|1.658552|-0.091324|303|221
2014-12-11|1.697329|1.731636|-0.034308|277|165
2014-12-12|1.605084|1.702429|-0.097345|358|280
2014-12-13|1.773514|1.883|-0.109486|37|20
2014-12-14|1.669091|1.931724|-0.262633|44|29
2014-12-15|1.684384|1.729781|-0.045397|365|228
2014-12-16|1.655319|1.706655|-0.051337|408|290
2014-12-17|1.656447|1.606895|0.049553|380|190
2014-12-18|1.759196|1.747561|0.011635|373|205
2014-12-19|1.747059|1.690282|0.056777|221|142
2014-12-20|1.800769|1.468182|0.332587|39|11
2014-12-21|1.767407|1.193571|0.573836|27|14
2014-12-22|1.850292|1.561059|0.289234|171|85
2014-12-23|1.821168|1.696563|0.124606|214|96
2014-12-24|1.60668|1.550424|0.056256|247|165
2014-12-25|1.72875|1.388182|0.340568|16|11
2014-12-26|1.846067|1.535304|0.310763|178|115
2014-12-27|1.907059|1.115625|0.791434|34|16
2014-12-28|1.9175|1.3812|0.5363|40|25
2014-12-29|1.652697|1.705426|-0.052729|152|129
2014-12-30|1.583303|1.804715|-0.221412|221|193
2014-12-31|1.595591|1.82848|-0.232889|313|250
2015-01-01|1.457778|1.824583|-0.366806|45|24
2015-01-02|1.662619|1.879529|-0.21691|420|297
2015-01-03|1.717|1.746897|-0.029897|50|29
2015-01-04|1.596354|1.890615|-0.294261|96|65
2015-01-05|1.658021|1.77523|-0.117209|571|413
2015-01-06|1.629199|1.757647|-0.128448|687|408
2015-01-07|1.692545|1.655486|0.03706|385|175
2015-01-08|1.732625|1.664148|0.068476|701|364
2015-01-09|1.744279|1.714541|0.029738|451|218
2015-01-10|1.89|1.659167|0.230833|46|12
2015-01-11|1.722766|1.555|0.167766|47|26
2015-01-12|1.64267|1.889|-0.24633|352|310
2015-01-13|1.688224|1.753225|-0.065001|518|307
2015-01-14|1.682763|1.750071|-0.067308|456|280
2015-01-15|1.692292|1.849544|-0.157252|554|461
2015-01-16|1.571935|1.791247|-0.219312|744|425
2015-01-17|1.59125|1.45|0.14125|8|11
2015-01-18|1.78125|1.655429|0.125821|56|35
2015-01-19|1.723732|1.841031|-0.117299|276|97
2015-01-20|1.696019|1.685198|0.01082|432|202
2015-01-21|1.707384|1.780851|-0.073467|367|188
2015-01-22|1.760044|1.84216|-0.082115|453|213
2015-01-23|1.804159|1.704618|0.099541|440|249
2015-01-24|1.374286|1.907778|-0.533492|42|18
2015-01-25|1.644906|1.835862|-0.190956|106|58
2015-01-26|1.77955|1.838038|-0.058488|511|265
2015-01-27|1.749236|1.827261|-0.078025|1740|1004
2015-01-28|1.724074|1.782032|-0.057958|1215|679
2015-01-29|1.769358|1.692222|0.077135|825|396
2015-01-30|1.761551|1.798675|-0.037124|677|385
2015-01-31|1.830595|1.601136|0.229459|84|44
2015-02-01|1.723814|1.979524|-0.255709|97|63
2015-02-02|1.690952|1.792905|-0.101952|441|241
2015-02-03|1.773536|1.717087|0.05645|509|254
2015-02-04|1.773791|1.735868|0.037923|678|363
2015-02-05|1.711296|1.5664|0.144896|324|150
2015-02-06|1.585344|1.758345|-0.173002|262|139
2015-02-07|1.342703|1.669545|-0.326843|37|22
2015-02-08|1.836338|2.122727|-0.286389|71|22
2015-02-09|1.731193|1.687485|0.043708|394|167
2015-02-10|1.831693|1.750097|0.081595|644|308
2015-02-11|1.715142|1.560646|0.154496|527|263
2015-02-12|1.743654|1.612262|0.131392|457|221
2015-02-13|1.690276|1.712547|-0.022271|507|267
2015-02-14|1.540455|1.703462|-0.163007|66|26
2015-02-15|1.858889|1.515862|0.343027|99|29
2015-02-16|1.768806|1.7444|0.024406|134|50
2015-02-17|1.814072|1.68986|0.124212|361|215
2015-02-18|1.691018|1.67113|0.019888|285|177
2015-02-19|1.661529|1.862526|-0.200997|314|194
2015-02-20|1.777615|1.670833|0.106781|327|180
2015-02-21|1.763617|1.573125|0.190492|47|16
2015-02-22|1.98119|1.77475|0.20644|42|40
2015-02-23|1.781124|1.694542|0.086581|605|306
2015-02-24|1.662619|1.661796|0.000823|607|334
2015-02-25|1.617578|1.846004|-0.228426|644|503
2015-02-26|1.667844|1.704234|-0.03639|770|444
2015-02-27|1.777791|1.732778|0.045013|430|306
2015-02-28|1.726512|1.768182|-0.04167|43|22
2015-03-01|1.590274|1.448837|0.141437|73|43
2015-03-02|1.703729|1.754257|-0.050529|354|202
2015-03-03|1.724064|1.774157|-0.050093|342|178
2015-03-04|1.764608|1.856425|-0.091817|306|193
2015-03-05|1.645828|1.772984|-0.127157|580|382
2015-03-06|1.657634|1.88224|-0.224606|541|375
2015-03-07|1.727778|1.555|0.172778|45|30
2015-03-08|1.816706|1.671429|0.145277|85|42
2015-03-09|1.677247|1.921291|-0.244044|919|612
2015-03-10|1.668592|1.879506|-0.210914|611|385
2015-03-11|1.642333|1.805325|-0.162992|660|415
2015-03-12|1.622444|1.690192|-0.067748|532|261
2015-03-13|1.717983|1.782128|-0.064145|352|296
2015-03-14|1.654815|1.734167|-0.079352|54|36
2015-03-15|1.638571|2.023103|-0.384532|70|29
2015-03-16|1.876132|1.823077|0.053055|349|156
2015-03-17|1.790217|1.677913|0.112305|414|206
2015-03-18|1.820642|1.839899|-0.019257|436|199
2015-03-19|1.769542|1.835936|-0.066395|349|219
2015-03-20|1.650025|1.791205|-0.14118|398|249
2015-03-21|1.611094|1.881429|-0.270335|64|21
2015-03-22|1.788793|1.821765|-0.032972|58|34
2015-03-23|1.748352|1.774037|-0.025685|261|161
2015-03-24|1.728962|1.777166|-0.048204|260|187
2015-03-25|1.68471|1.828961|-0.144251|482|308
2015-03-26|1.722212|1.813398|-0.091186|434|206
2015-03-27|1.712821|1.90608|-0.193259|280|199
2015-03-28|1.530833|1.531905|-0.001071|36|21
2015-03-29|1.575833|1.350833|0.225|48|12
2015-03-30|1.740117|1.714226|0.02589|343|168
2015-03-31|1.603233|2.023935|-0.420702|266|216
2015-04-01|1.66389|1.863786|-0.199896|347|206
2015-04-02|1.751154|1.777913|-0.026759|286|115
2015-04-03|1.768393|2.024516|-0.256123|56|31
2015-04-04|2.014688|1.667083|0.347604|32|24
2015-04-05|1.778103|1.803611|-0.025508|58|36
2015-04-06|1.8368|1.812356|0.024444|400|174
2015-04-07|1.743473|1.939643|-0.196169|357|224
2015-04-08|1.736368|1.779953|-0.043585|402|214
2015-04-09|1.73368|1.789366|-0.055686|394|284
2015-04-10|1.81182|1.861814|-0.049994|643|419
2015-04-12|1.950348|1.8025|0.147848|115|32
2015-04-13|1.732189|1.859228|-0.127039|475|311
2015-04-14|1.725319|2.018449|-0.29313|376|187
2015-04-15|1.770833|1.806012|-0.035179|360|168
2015-04-16|1.787492|1.707303|0.080189|303|152
2015-04-17|1.802339|1.717004|0.085334|449|247
